resolution,frame_width,frame_height,tile_width,tile_height,gaussian_kernel,array_size,sram_budget_kb,bandwidth_gbps,dataflow,total_cycles,total_stall_cycles,total_macs,total_sram_accesses,total_sram_ifmap_reads,total_sram_filter_reads,total_sram_ofmap_writes,total_dram_accesses,total_dram_ifmap_reads,total_dram_filter_reads,total_dram_ofmap_writes,energy_mac_pj,energy_sram_ifmap_pj,energy_sram_filter_pj,energy_sram_ofmap_pj,energy_sram_pj,energy_dram_ifmap_pj,energy_dram_filter_pj,energy_dram_ofmap_pj,energy_dram_pj,energy_total_pj,analytical_lower_bound_ms,energy_backend,energy_model,sram_read_pj_per_byte,sram_write_pj_per_byte,dram_read_pj_per_byte,dram_write_pj_per_byte,latency_ms,num_pes,cycles_x_pes,stall_pct,energy_total_mj,edp_mj_ms,average_power_w_at_30fps,deadline_ms,feasible,average_power_w_at_deadline_fps
1080p,1920,1080,128,128,3,16,256,800.0,ws,4186905.0,0.0,55987200,43549245.0,37324800.0,3645.0,6220800.0,52612800.0,46176000.0,216000.0,6220800.0,55987200.0,298598400.0,29160.0,43545600.0,342173160.0,46176000.0,216000.0,6220800.0,52612800.0,450773160.0,0.2187,accelergy_plugin,accelergy_component_library_table_plugin,8.0,7.0,1.0,1.0,4.186905,256,1071847680.0,0.0,0.45077316,1.8873443974698,0.0135231948,33,True,0.013659792727272729
1080p,1920,1080,128,128,3,16,256,200.0,ws,4269870.0,0.0,55987200,43549245.0,37324800.0,3645.0,6220800.0,52294800.0,46020000.0,54000.0,6220800.0,55987200.0,298598400.0,29160.0,43545600.0,342173160.0,46020000.0,54000.0,6220800.0,52294800.0,450455160.0,0.2187,accelergy_plugin,accelergy_component_library_table_plugin,8.0,7.0,1.0,1.0,4.26987,256,1093086720.0,0.0,0.45045516,1.9233849740292002,0.0135136548,33,True,0.013650156363636364
1080p,1920,1080,128,128,3,32,256,100.0,ws,4393350.0,0.0,55987200,43549245.0,37324800.0,3645.0,6220800.0,52243800.0,45942000.0,81000.0,6220800.0,55987200.0,298598400.0,29160.0,43545600.0,342173160.0,45942000.0,81000.0,6220800.0,52243800.0,450404160.0,0.054675,accelergy_plugin,accelergy_component_library_table_plugin,8.0,7.0,1.0,1.0,4.39335,1024,4498790400.0,0.0,0.45040416,1.978783116336,0.0135121248,33,True,0.01364861090909091
1080p,1920,1080,128,128,3,16,256,50.0,ws,4601685.0,0.0,55987200,43549245.0,37324800.0,3645.0,6220800.0,52203300.0,45942000.0,40500.0,6220800.0,55987200.0,298598400.0,29160.0,43545600.0,342173160.0,45942000.0,40500.0,6220800.0,52203300.0,450363660.0,0.2187,accelergy_plugin,accelergy_component_library_table_plugin,8.0,7.0,1.0,1.0,4.601685000000001,256,1178031360.0,0.0,0.45036366,2.0724316987671,0.0135109098,33,True,0.013647383636363638
1080p,1920,1080,128,128,3,64,1024,800.0,is,12463335.0,0.0,55987200,44420400.0,37324800.0,874800.0,6220800.0,43900800.0,37464000.0,216000.0,6220800.0,55987200.0,298598400.0,6998400.0,43545600.0,349142400.0,37464000.0,216000.0,6220800.0,43900800.0,449030400.0,0.01366875,accelergy_plugin,accelergy_component_library_table_plugin,8.0,7.0,1.0,1.0,12.463335,4096,51049820160.0,0.0,0.4490304,5.596416300384,0.013470912,33,True,0.013606981818181818
1080p,1920,1080,128,128,3,128,1024,800.0,is,12479535.0,0.0,55987200,43983000.0,37324800.0,437400.0,6220800.0,43900800.0,37464000.0,216000.0,6220800.0,55987200.0,298598400.0,3499200.0,43545600.0,345643200.0,37464000.0,216000.0,6220800.0,43900800.0,445531200.0,0.0034171875,accelergy_plugin,accelergy_component_library_table_plugin,8.0,7.0,1.0,1.0,12.479535,16384,204464701440.0,0.0,0.4455312,5.560022203992,0.013365936,33,True,0.013500945454545455
1080p,1920,1080,128,128,3,128,1024,200.0,is,12642810.0,0.0,55987200,43983000.0,37324800.0,437400.0,6220800.0,43663800.0,37362000.0,81000.0,6220800.0,55987200.0,298598400.0,3499200.0,43545600.0,345643200.0,37362000.0,81000.0,6220800.0,43663800.0,445294200.0,0.010368,accelergy_plugin,accelergy_component_library_table_plugin,8.0,7.0,1.0,1.0,12.64281,16384,207139799040.0,0.0,0.4452942,5.629769964702,0.013358826,33,True,0.013493763636363638
1080p,1920,1080,128,128,3,128,1024,100.0,is,12860520.0,0.0,55987200,43983000.0,37324800.0,437400.0,6220800.0,43626300.0,37338000.0,67500.0,6220800.0,55987200.0,298598400.0,3499200.0,43545600.0,345643200.0,37338000.0,67500.0,6220800.0,43626300.0,445256700.0,0.020736,accelergy_plugin,accelergy_component_library_table_plugin,8.0,7.0,1.0,1.0,12.860520000000001,16384,210706759680.0,0.0,0.4452567,5.726232695484001,0.013357701,33,True,0.013492627272727273
1080p,1920,1080,128,128,3,128,1024,50.0,is,13296135.0,0.0,55987200,43983000.0,37324800.0,437400.0,6220800.0,43618050.0,37336500.0,60750.0,6220800.0,55987200.0,298598400.0,3499200.0,43545600.0,345643200.0,37336500.0,60750.0,6220800.0,43618050.0,445248450.0,0.041472,accelergy_plugin,accelergy_component_library_table_plugin,8.0,7.0,1.0,1.0,13.296135000000001,16384,217843875840.0,0.0,0.44524845,5.920083499740751,0.0133574535,33,True,0.013492377272727275
1080p,1920,1080,128,128,3,16,256,800.0,ws,4186905.0,0.0,55987200,43549245.0,37324800.0,3645.0,6220800.0,52612800.0,46176000.0,216000.0,6220800.0,55987200.0,298598400.0,29160.0,43545600.0,342173160.0,46176000.0,216000.0,6220800.0,52612800.0,450773160.0,0.2187,accelergy_plugin,accelergy_component_library_table_plugin,8.0,7.0,1.0,1.0,4.186905,256,1071847680.0,0.0,0.45077316,1.8873443974698,0.0135231948,100,True,0.0045077316
1080p,1920,1080,128,128,3,16,256,200.0,ws,4269870.0,0.0,55987200,43549245.0,37324800.0,3645.0,6220800.0,52294800.0,46020000.0,54000.0,6220800.0,55987200.0,298598400.0,29160.0,43545600.0,342173160.0,46020000.0,54000.0,6220800.0,52294800.0,450455160.0,0.2187,accelergy_plugin,accelergy_component_library_table_plugin,8.0,7.0,1.0,1.0,4.26987,256,1093086720.0,0.0,0.45045516,1.9233849740292002,0.0135136548,100,True,0.0045045516
1080p,1920,1080,128,128,3,32,256,100.0,ws,4393350.0,0.0,55987200,43549245.0,37324800.0,3645.0,6220800.0,52243800.0,45942000.0,81000.0,6220800.0,55987200.0,298598400.0,29160.0,43545600.0,342173160.0,45942000.0,81000.0,6220800.0,52243800.0,450404160.0,0.054675,accelergy_plugin,accelergy_component_library_table_plugin,8.0,7.0,1.0,1.0,4.39335,1024,4498790400.0,0.0,0.45040416,1.978783116336,0.0135121248,100,True,0.0045040416
1080p,1920,1080,128,128,3,16,256,50.0,ws,4601685.0,0.0,55987200,43549245.0,37324800.0,3645.0,6220800.0,52203300.0,45942000.0,40500.0,6220800.0,55987200.0,298598400.0,29160.0,43545600.0,342173160.0,45942000.0,40500.0,6220800.0,52203300.0,450363660.0,0.2187,accelergy_plugin,accelergy_component_library_table_plugin,8.0,7.0,1.0,1.0,4.601685000000001,256,1178031360.0,0.0,0.45036366,2.0724316987671,0.0135109098,100,True,0.0045036366
1080p,1920,1080,128,128,3,64,1024,800.0,is,12463335.0,0.0,55987200,44420400.0,37324800.0,874800.0,6220800.0,43900800.0,37464000.0,216000.0,6220800.0,55987200.0,298598400.0,6998400.0,43545600.0,349142400.0,37464000.0,216000.0,6220800.0,43900800.0,449030400.0,0.01366875,accelergy_plugin,accelergy_component_library_table_plugin,8.0,7.0,1.0,1.0,12.463335,4096,51049820160.0,0.0,0.4490304,5.596416300384,0.013470912,100,True,0.004490304
1080p,1920,1080,128,128,3,128,1024,800.0,is,12479535.0,0.0,55987200,43983000.0,37324800.0,437400.0,6220800.0,43900800.0,37464000.0,216000.0,6220800.0,55987200.0,298598400.0,3499200.0,43545600.0,345643200.0,37464000.0,216000.0,6220800.0,43900800.0,445531200.0,0.0034171875,accelergy_plugin,accelergy_component_library_table_plugin,8.0,7.0,1.0,1.0,12.479535,16384,204464701440.0,0.0,0.4455312,5.560022203992,0.013365936,100,True,0.004455312
1080p,1920,1080,128,128,3,128,1024,200.0,is,12642810.0,0.0,55987200,43983000.0,37324800.0,437400.0,6220800.0,43663800.0,37362000.0,81000.0,6220800.0,55987200.0,298598400.0,3499200.0,43545600.0,345643200.0,37362000.0,81000.0,6220800.0,43663800.0,445294200.0,0.010368,accelergy_plugin,accelergy_component_library_table_plugin,8.0,7.0,1.0,1.0,12.64281,16384,207139799040.0,0.0,0.4452942,5.629769964702,0.013358826,100,True,0.004452942
1080p,1920,1080,128,128,3,128,1024,100.0,is,12860520.0,0.0,55987200,43983000.0,37324800.0,437400.0,6220800.0,43626300.0,37338000.0,67500.0,6220800.0,55987200.0,298598400.0,3499200.0,43545600.0,345643200.0,37338000.0,67500.0,6220800.0,43626300.0,445256700.0,0.020736,accelergy_plugin,accelergy_component_library_table_plugin,8.0,7.0,1.0,1.0,12.860520000000001,16384,210706759680.0,0.0,0.4452567,5.726232695484001,0.013357701,100,True,0.004452567
1080p,1920,1080,128,128,3,128,1024,50.0,is,13296135.0,0.0,55987200,43983000.0,37324800.0,437400.0,6220800.0,43618050.0,37336500.0,60750.0,6220800.0,55987200.0,298598400.0,3499200.0,43545600.0,345643200.0,37336500.0,60750.0,6220800.0,43618050.0,445248450.0,0.041472,accelergy_plugin,accelergy_component_library_table_plugin,8.0,7.0,1.0,1.0,13.296135000000001,16384,217843875840.0,0.0,0.44524845,5.920083499740751,0.0133574535,100,True,0.0044524845
1080p,1920,1080,128,128,3,16,256,800.0,ws,4186905.0,0.0,55987200,43549245.0,37324800.0,3645.0,6220800.0,52612800.0,46176000.0,216000.0,6220800.0,55987200.0,298598400.0,29160.0,43545600.0,342173160.0,46176000.0,216000.0,6220800.0,52612800.0,450773160.0,0.2187,accelergy_plugin,accelergy_component_library_table_plugin,8.0,7.0,1.0,1.0,4.186905,256,1071847680.0,0.0,0.45077316,1.8873443974698,0.0135231948,200,True,0.0022538658
1080p,1920,1080,128,128,3,16,256,200.0,ws,4269870.0,0.0,55987200,43549245.0,37324800.0,3645.0,6220800.0,52294800.0,46020000.0,54000.0,6220800.0,55987200.0,298598400.0,29160.0,43545600.0,342173160.0,46020000.0,54000.0,6220800.0,52294800.0,450455160.0,0.2187,accelergy_plugin,accelergy_component_library_table_plugin,8.0,7.0,1.0,1.0,4.26987,256,1093086720.0,0.0,0.45045516,1.9233849740292002,0.0135136548,200,True,0.0022522758
1080p,1920,1080,128,128,3,32,256,100.0,ws,4393350.0,0.0,55987200,43549245.0,37324800.0,3645.0,6220800.0,52243800.0,45942000.0,81000.0,6220800.0,55987200.0,298598400.0,29160.0,43545600.0,342173160.0,45942000.0,81000.0,6220800.0,52243800.0,450404160.0,0.054675,accelergy_plugin,accelergy_component_library_table_plugin,8.0,7.0,1.0,1.0,4.39335,1024,4498790400.0,0.0,0.45040416,1.978783116336,0.0135121248,200,True,0.0022520208
1080p,1920,1080,128,128,3,16,256,50.0,ws,4601685.0,0.0,55987200,43549245.0,37324800.0,3645.0,6220800.0,52203300.0,45942000.0,40500.0,6220800.0,55987200.0,298598400.0,29160.0,43545600.0,342173160.0,45942000.0,40500.0,6220800.0,52203300.0,450363660.0,0.2187,accelergy_plugin,accelergy_component_library_table_plugin,8.0,7.0,1.0,1.0,4.601685000000001,256,1178031360.0,0.0,0.45036366,2.0724316987671,0.0135109098,200,True,0.0022518183
1080p,1920,1080,128,128,3,64,1024,800.0,is,12463335.0,0.0,55987200,44420400.0,37324800.0,874800.0,6220800.0,43900800.0,37464000.0,216000.0,6220800.0,55987200.0,298598400.0,6998400.0,43545600.0,349142400.0,37464000.0,216000.0,6220800.0,43900800.0,449030400.0,0.01366875,accelergy_plugin,accelergy_component_library_table_plugin,8.0,7.0,1.0,1.0,12.463335,4096,51049820160.0,0.0,0.4490304,5.596416300384,0.013470912,200,True,0.002245152
1080p,1920,1080,128,128,3,128,1024,800.0,is,12479535.0,0.0,55987200,43983000.0,37324800.0,437400.0,6220800.0,43900800.0,37464000.0,216000.0,6220800.0,55987200.0,298598400.0,3499200.0,43545600.0,345643200.0,37464000.0,216000.0,6220800.0,43900800.0,445531200.0,0.0034171875,accelergy_plugin,accelergy_component_library_table_plugin,8.0,7.0,1.0,1.0,12.479535,16384,204464701440.0,0.0,0.4455312,5.560022203992,0.013365936,200,True,0.002227656
1080p,1920,1080,128,128,3,128,1024,200.0,is,12642810.0,0.0,55987200,43983000.0,37324800.0,437400.0,6220800.0,43663800.0,37362000.0,81000.0,6220800.0,55987200.0,298598400.0,3499200.0,43545600.0,345643200.0,37362000.0,81000.0,6220800.0,43663800.0,445294200.0,0.010368,accelergy_plugin,accelergy_component_library_table_plugin,8.0,7.0,1.0,1.0,12.64281,16384,207139799040.0,0.0,0.4452942,5.629769964702,0.013358826,200,True,0.002226471
1080p,1920,1080,128,128,3,128,1024,100.0,is,12860520.0,0.0,55987200,43983000.0,37324800.0,437400.0,6220800.0,43626300.0,37338000.0,67500.0,6220800.0,55987200.0,298598400.0,3499200.0,43545600.0,345643200.0,37338000.0,67500.0,6220800.0,43626300.0,445256700.0,0.020736,accelergy_plugin,accelergy_component_library_table_plugin,8.0,7.0,1.0,1.0,12.860520000000001,16384,210706759680.0,0.0,0.4452567,5.726232695484001,0.013357701,200,True,0.0022262835
1080p,1920,1080,128,128,3,128,1024,50.0,is,13296135.0,0.0,55987200,43983000.0,37324800.0,437400.0,6220800.0,43618050.0,37336500.0,60750.0,6220800.0,55987200.0,298598400.0,3499200.0,43545600.0,345643200.0,37336500.0,60750.0,6220800.0,43618050.0,445248450.0,0.041472,accelergy_plugin,accelergy_component_library_table_plugin,8.0,7.0,1.0,1.0,13.296135000000001,16384,217843875840.0,0.0,0.44524845,5.920083499740751,0.0133574535,200,True,0.00222624225
1080p,1920,1080,128,128,5,32,256,800.0,ws,4199865.0,0.0,89164800,76729005.0,70502400.0,5805.0,6220800.0,82804800.0,76368000.0,216000.0,6220800.0,89164800.0,564019200.0,46440.0,43545600.0,607611240.0,76368000.0,216000.0,6220800.0,82804800.0,779580840.0,0.087075,accelergy_plugin,accelergy_component_library_table_plugin,8.0,7.0,1.0,1.0,4.199865,1024,4300661760.0,0.0,0.77958084,3.2741342845866,0.0233874252,33,True,0.02362366181818182
1080p,1920,1080,128,128,5,32,256,200.0,ws,4282830.0,0.0,89164800,76729005.0,70502400.0,5805.0,6220800.0,82492800.0,76110000.0,162000.0,6220800.0,89164800.0,564019200.0,46440.0,43545600.0,607611240.0,76110000.0,162000.0,6220800.0,82492800.0,779268840.0,0.087075,accelergy_plugin,accelergy_component_library_table_plugin,8.0,7.0,1.0,1.0,4.28283,1024,4385617920.0,0.0,0.77926884,3.3374759660171995,0.0233780652,33,True,0.023614207272727273
1080p,1920,1080,128,128,5,32,256,100.0,ws,4393350.0,0.0,89164800,76729005.0,70502400.0,5805.0,6220800.0,82350300.0,75981000.0,148500.0,6220800.0,89164800.0,564019200.0,46440.0,43545600.0,607611240.0,75981000.0,148500.0,6220800.0,82350300.0,779126340.0,0.087075,accelergy_plugin,accelergy_component_library_table_plugin,8.0,7.0,1.0,1.0,4.39335,1024,4498790400.0,0.0,0.77912634,3.422974705839,0.0233737902,33,True,0.02360988909090909
1080p,1920,1080,128,128,5,128,4096,200.0,is,12808605.0,0.0,89164800,77419800.0,70502400.0,696600.0,6220800.0,76822800.0,70521000.0,81000.0,6220800.0,89164800.0,564019200.0,5572800.0,43545600.0,613137600.0,70521000.0,81000.0,6220800.0,76822800.0,779125200.0,0.010368,accelergy_plugin,accelergy_component_library_table_plugin,8.0,7.0,1.0,1.0,12.808605,16384,209856184320.0,0.0,0.7791252,9.979506932346,0.023373756,33,True,0.02360985454545455
1080p,1920,1080,128,128,5,128,2048,100.0,is,13192230.0,0.0,89164800,77419800.0,70502400.0,696600.0,6220800.0,76797300.0,70509000.0,67500.0,6220800.0,89164800.0,564019200.0,5572800.0,43545600.0,613137600.0,70509000.0,67500.0,6220800.0,76797300.0,779099700.0,0.020736,accelergy_plugin,accelergy_component_library_table_plugin,8.0,7.0,1.0,1.0,13.192229999999999,16384,216141496320.0,0.0,0.7790997,10.278062435330998,0.023372991,33,True,0.02360908181818182
1080p,1920,1080,128,128,5,128,2048,50.0,is,13959570.0,0.0,89164800,77419800.0,70502400.0,696600.0,6220800.0,76789800.0,70508250.0,60750.0,6220800.0,89164800.0,564019200.0,5572800.0,43545600.0,613137600.0,70508250.0,60750.0,6220800.0,76789800.0,779092200.0,0.041472,accelergy_plugin,accelergy_component_library_table_plugin,8.0,7.0,1.0,1.0,13.95957,16384,228713594880.0,0.0,0.7790922,10.875792102354,0.023372766,33,True,0.023608854545454548
1080p,1920,1080,128,128,5,32,256,800.0,ws,4199865.0,0.0,89164800,76729005.0,70502400.0,5805.0,6220800.0,82804800.0,76368000.0,216000.0,6220800.0,89164800.0,564019200.0,46440.0,43545600.0,607611240.0,76368000.0,216000.0,6220800.0,82804800.0,779580840.0,0.087075,accelergy_plugin,accelergy_component_library_table_plugin,8.0,7.0,1.0,1.0,4.199865,1024,4300661760.0,0.0,0.77958084,3.2741342845866,0.0233874252,100,True,0.0077958084
1080p,1920,1080,128,128,5,32,256,200.0,ws,4282830.0,0.0,89164800,76729005.0,70502400.0,5805.0,6220800.0,82492800.0,76110000.0,162000.0,6220800.0,89164800.0,564019200.0,46440.0,43545600.0,607611240.0,76110000.0,162000.0,6220800.0,82492800.0,779268840.0,0.087075,accelergy_plugin,accelergy_component_library_table_plugin,8.0,7.0,1.0,1.0,4.28283,1024,4385617920.0,0.0,0.77926884,3.3374759660171995,0.0233780652,100,True,0.0077926884
1080p,1920,1080,128,128,5,32,256,100.0,ws,4393350.0,0.0,89164800,76729005.0,70502400.0,5805.0,6220800.0,82350300.0,75981000.0,148500.0,6220800.0,89164800.0,564019200.0,46440.0,43545600.0,607611240.0,75981000.0,148500.0,6220800.0,82350300.0,779126340.0,0.087075,accelergy_plugin,accelergy_component_library_table_plugin,8.0,7.0,1.0,1.0,4.39335,1024,4498790400.0,0.0,0.77912634,3.422974705839,0.0233737902,100,True,0.0077912634
1080p,1920,1080,128,128,5,128,4096,200.0,is,12808605.0,0.0,89164800,77419800.0,70502400.0,696600.0,6220800.0,76822800.0,70521000.0,81000.0,6220800.0,89164800.0,564019200.0,5572800.0,43545600.0,613137600.0,70521000.0,81000.0,6220800.0,76822800.0,779125200.0,0.010368,accelergy_plugin,accelergy_component_library_table_plugin,8.0,7.0,1.0,1.0,12.808605,16384,209856184320.0,0.0,0.7791252,9.979506932346,0.023373756,100,True,0.007791252
1080p,1920,1080,128,128,5,128,2048,100.0,is,13192230.0,0.0,89164800,77419800.0,70502400.0,696600.0,6220800.0,76797300.0,70509000.0,67500.0,6220800.0,89164800.0,564019200.0,5572800.0,43545600.0,613137600.0,70509000.0,67500.0,6220800.0,76797300.0,779099700.0,0.020736,accelergy_plugin,accelergy_component_library_table_plugin,8.0,7.0,1.0,1.0,13.192229999999999,16384,216141496320.0,0.0,0.7790997,10.278062435330998,0.023372991,100,True,0.007790997
1080p,1920,1080,128,128,5,128,2048,50.0,is,13959570.0,0.0,89164800,77419800.0,70502400.0,696600.0,6220800.0,76789800.0,70508250.0,60750.0,6220800.0,89164800.0,564019200.0,5572800.0,43545600.0,613137600.0,70508250.0,60750.0,6220800.0,76789800.0,779092200.0,0.041472,accelergy_plugin,accelergy_component_library_table_plugin,8.0,7.0,1.0,1.0,13.95957,16384,228713594880.0,0.0,0.7790922,10.875792102354,0.023372766,100,True,0.007790922
1080p,1920,1080,128,128,5,32,256,800.0,ws,4199865.0,0.0,89164800,76729005.0,70502400.0,5805.0,6220800.0,82804800.0,76368000.0,216000.0,6220800.0,89164800.0,564019200.0,46440.0,43545600.0,607611240.0,76368000.0,216000.0,6220800.0,82804800.0,779580840.0,0.087075,accelergy_plugin,accelergy_component_library_table_plugin,8.0,7.0,1.0,1.0,4.199865,1024,4300661760.0,0.0,0.77958084,3.2741342845866,0.0233874252,200,True,0.0038979042
1080p,1920,1080,128,128,5,32,256,200.0,ws,4282830.0,0.0,89164800,76729005.0,70502400.0,5805.0,6220800.0,82492800.0,76110000.0,162000.0,6220800.0,89164800.0,564019200.0,46440.0,43545600.0,607611240.0,76110000.0,162000.0,6220800.0,82492800.0,779268840.0,0.087075,accelergy_plugin,accelergy_component_library_table_plugin,8.0,7.0,1.0,1.0,4.28283,1024,4385617920.0,0.0,0.77926884,3.3374759660171995,0.0233780652,200,True,0.0038963442
1080p,1920,1080,128,128,5,32,256,100.0,ws,4393350.0,0.0,89164800,76729005.0,70502400.0,5805.0,6220800.0,82350300.0,75981000.0,148500.0,6220800.0,89164800.0,564019200.0,46440.0,43545600.0,607611240.0,75981000.0,148500.0,6220800.0,82350300.0,779126340.0,0.087075,accelergy_plugin,accelergy_component_library_table_plugin,8.0,7.0,1.0,1.0,4.39335,1024,4498790400.0,0.0,0.77912634,3.422974705839,0.0233737902,200,True,0.0038956317
1080p,1920,1080,128,128,5,128,4096,200.0,is,12808605.0,0.0,89164800,77419800.0,70502400.0,696600.0,6220800.0,76822800.0,70521000.0,81000.0,6220800.0,89164800.0,564019200.0,5572800.0,43545600.0,613137600.0,70521000.0,81000.0,6220800.0,76822800.0,779125200.0,0.010368,accelergy_plugin,accelergy_component_library_table_plugin,8.0,7.0,1.0,1.0,12.808605,16384,209856184320.0,0.0,0.7791252,9.979506932346,0.023373756,200,True,0.003895626
1080p,1920,1080,128,128,5,128,2048,100.0,is,13192230.0,0.0,89164800,77419800.0,70502400.0,696600.0,6220800.0,76797300.0,70509000.0,67500.0,6220800.0,89164800.0,564019200.0,5572800.0,43545600.0,613137600.0,70509000.0,67500.0,6220800.0,76797300.0,779099700.0,0.020736,accelergy_plugin,accelergy_component_library_table_plugin,8.0,7.0,1.0,1.0,13.192229999999999,16384,216141496320.0,0.0,0.7790997,10.278062435330998,0.023372991,200,True,0.0038954985
1080p,1920,1080,128,128,5,128,2048,50.0,is,13959570.0,0.0,89164800,77419800.0,70502400.0,696600.0,6220800.0,76789800.0,70508250.0,60750.0,6220800.0,89164800.0,564019200.0,5572800.0,43545600.0,613137600.0,70508250.0,60750.0,6220800.0,76789800.0,779092200.0,0.041472,accelergy_plugin,accelergy_component_library_table_plugin,8.0,7.0,1.0,1.0,13.95957,16384,228713594880.0,0.0,0.7790922,10.875792102354,0.023372766,200,True,0.003895461
1080p,1920,1080,128,128,7,64,256,800.0,ws,4225785.0,0.0,138931200,126498645.0,120268800.0,9045.0,6220800.0,134632800.0,127872000.0,540000.0,6220800.0,138931200.0,962150400.0,72360.0,43545600.0,1005768360.0,127872000.0,540000.0,6220800.0,134632800.0,1279332360.0,0.033918750000000004,accelergy_plugin,accelergy_component_library_table_plugin,8.0,7.0,1.0,1.0,4.225785,4096,17308815360.0,0.0,1.27933236,5.4061834969026,0.0383799708,33,True,0.038767647272727274
1080p,1920,1080,128,128,7,64,256,200.0,ws,4308750.0,0.0,138931200,126498645.0,120268800.0,9045.0,6220800.0,134173800.0,127440000.0,513000.0,6220800.0,138931200.0,962150400.0,72360.0,43545600.0,1005768360.0,127440000.0,513000.0,6220800.0,134173800.0,1278873360.0,0.033918750000000004,accelergy_plugin,accelergy_component_library_table_plugin,8.0,7.0,1.0,1.0,4.30875,4096,17648640000.0,0.0,1.27887336,5.5103455899,0.0383662008,33,True,0.03875373818181818
1080p,1920,1080,128,128,7,64,256,100.0,ws,4419270.0,0.0,138931200,126498645.0,120268800.0,9045.0,6220800.0,133957800.0,127224000.0,513000.0,6220800.0,138931200.0,962150400.0,72360.0,43545600.0,1005768360.0,127224000.0,513000.0,6220800.0,133957800.0,1278657360.0,0.033918750000000004,accelergy_plugin,accelergy_component_library_table_plugin,8.0,7.0,1.0,1.0,4.41927,4096,18101329920.0,0.0,1.27865736,5.6507321113271995,0.0383597208,33,True,0.03874719272727273
1080p,1920,1080,128,128,7,64,256,50.0,ws,4640565.0,0.0,138931200,126498645.0,120268800.0,9045.0,6220800.0,133951050.0,127224000.0,506250.0,6220800.0,138931200.0,962150400.0,72360.0,43545600.0,1005768360.0,127224000.0,506250.0,6220800.0,133951050.0,1278650610.0,0.041472,accelergy_plugin,accelergy_component_library_table_plugin,8.0,7.0,1.0,1.0,4.6405650000000005,4096,19007754240.0,0.0,1.27865061,5.93366126799465,0.0383595183,33,True,0.03874698818181818
1080p,1920,1080,128,128,7,64,256,800.0,ws,4225785.0,0.0,138931200,126498645.0,120268800.0,9045.0,6220800.0,134632800.0,127872000.0,540000.0,6220800.0,138931200.0,962150400.0,72360.0,43545600.0,1005768360.0,127872000.0,540000.0,6220800.0,134632800.0,1279332360.0,0.033918750000000004,accelergy_plugin,accelergy_component_library_table_plugin,8.0,7.0,1.0,1.0,4.225785,4096,17308815360.0,0.0,1.27933236,5.4061834969026,0.0383799708,100,True,0.0127933236
1080p,1920,1080,128,128,7,64,256,200.0,ws,4308750.0,0.0,138931200,126498645.0,120268800.0,9045.0,6220800.0,134173800.0,127440000.0,513000.0,6220800.0,138931200.0,962150400.0,72360.0,43545600.0,1005768360.0,127440000.0,513000.0,6220800.0,134173800.0,1278873360.0,0.033918750000000004,accelergy_plugin,accelergy_component_library_table_plugin,8.0,7.0,1.0,1.0,4.30875,4096,17648640000.0,0.0,1.27887336,5.5103455899,0.0383662008,100,True,0.0127887336
1080p,1920,1080,128,128,7,64,256,100.0,ws,4419270.0,0.0,138931200,126498645.0,120268800.0,9045.0,6220800.0,133957800.0,127224000.0,513000.0,6220800.0,138931200.0,962150400.0,72360.0,43545600.0,1005768360.0,127224000.0,513000.0,6220800.0,133957800.0,1278657360.0,0.033918750000000004,accelergy_plugin,accelergy_component_library_table_plugin,8.0,7.0,1.0,1.0,4.41927,4096,18101329920.0,0.0,1.27865736,5.6507321113271995,0.0383597208,100,True,0.0127865736
1080p,1920,1080,128,128,7,64,256,50.0,ws,4640565.0,0.0,138931200,126498645.0,120268800.0,9045.0,6220800.0,133951050.0,127224000.0,506250.0,6220800.0,138931200.0,962150400.0,72360.0,43545600.0,1005768360.0,127224000.0,506250.0,6220800.0,133951050.0,1278650610.0,0.041472,accelergy_plugin,accelergy_component_library_table_plugin,8.0,7.0,1.0,1.0,4.6405650000000005,4096,19007754240.0,0.0,1.27865061,5.93366126799465,0.0383595183,100,True,0.0127865061
1080p,1920,1080,128,128,7,64,256,800.0,ws,4225785.0,0.0,138931200,126498645.0,120268800.0,9045.0,6220800.0,134632800.0,127872000.0,540000.0,6220800.0,138931200.0,962150400.0,72360.0,43545600.0,1005768360.0,127872000.0,540000.0,6220800.0,134632800.0,1279332360.0,0.033918750000000004,accelergy_plugin,accelergy_component_library_table_plugin,8.0,7.0,1.0,1.0,4.225785,4096,17308815360.0,0.0,1.27933236,5.4061834969026,0.0383799708,200,True,0.0063966618
1080p,1920,1080,128,128,7,64,256,200.0,ws,4308750.0,0.0,138931200,126498645.0,120268800.0,9045.0,6220800.0,134173800.0,127440000.0,513000.0,6220800.0,138931200.0,962150400.0,72360.0,43545600.0,1005768360.0,127440000.0,513000.0,6220800.0,134173800.0,1278873360.0,0.033918750000000004,accelergy_plugin,accelergy_component_library_table_plugin,8.0,7.0,1.0,1.0,4.30875,4096,17648640000.0,0.0,1.27887336,5.5103455899,0.0383662008,200,True,0.0063943668
1080p,1920,1080,128,128,7,64,256,100.0,ws,4419270.0,0.0,138931200,126498645.0,120268800.0,9045.0,6220800.0,133957800.0,127224000.0,513000.0,6220800.0,138931200.0,962150400.0,72360.0,43545600.0,1005768360.0,127224000.0,513000.0,6220800.0,133957800.0,1278657360.0,0.033918750000000004,accelergy_plugin,accelergy_component_library_table_plugin,8.0,7.0,1.0,1.0,4.41927,4096,18101329920.0,0.0,1.27865736,5.6507321113271995,0.0383597208,200,True,0.0063932868
1080p,1920,1080,128,128,7,64,256,50.0,ws,4640565.0,0.0,138931200,126498645.0,120268800.0,9045.0,6220800.0,133951050.0,127224000.0,506250.0,6220800.0,138931200.0,962150400.0,72360.0,43545600.0,1005768360.0,127224000.0,506250.0,6220800.0,133951050.0,1278650610.0,0.041472,accelergy_plugin,accelergy_component_library_table_plugin,8.0,7.0,1.0,1.0,4.6405650000000005,4096,19007754240.0,0.0,1.27865061,5.93366126799465,0.0383595183,200,True,0.00639325305
1080p,1920,1080,128,128,11,128,256,800.0,ws,4277625.0,0.0,288230400,275807565.0,269568000.0,18765.0,6220800.0,286216800.0,277944000.0,2052000.0,6220800.0,288230400.0,2156544000.0,150120.0,43545600.0,2200239720.0,277944000.0,2052000.0,6220800.0,286216800.0,2774686920.0,0.0175921875,accelergy_plugin,accelergy_component_library_table_plugin,8.0,7.0,1.0,1.0,4.2776250000000005,16384,70084608000.0,0.0,2.77468692,11.869070136165002,0.0832406076,33,True,0.08408142181818182
1080p,1920,1080,128,128,11,128,256,200.0,ws,4360590.0,0.0,288230400,275807565.0,269568000.0,18765.0,6220800.0,285196800.0,277005000.0,1971000.0,6220800.0,288230400.0,2156544000.0,150120.0,43545600.0,2200239720.0,277005000.0,1971000.0,6220800.0,285196800.0,2773666920.0,0.0175921875,accelergy_plugin,accelergy_component_library_table_plugin,8.0,7.0,1.0,1.0,4.36059,16384,71443906560.0,0.0,2.77366692,12.0948242346828,0.0832100076,33,True,0.08405051272727274
1080p,1920,1080,128,128,11,128,256,100.0,ws,4886670.0,415560.0,288230400,275807565.0,269568000.0,18765.0,6220800.0,284727300.0,276535500.0,1971000.0,6220800.0,288230400.0,2156544000.0,150120.0,43545600.0,2200239720.0,276535500.0,1971000.0,6220800.0,284727300.0,2773197420.0,0.020736,accelergy_plugin,accelergy_component_library_table_plugin,8.0,7.0,1.0,1.0,4.8866700000000005,16384,80063201280.0,8.503950543007816,2.77319742,13.5517006363914,0.0831959226,33,True,0.08403628545454546
1080p,1920,1080,128,128,11,128,256,50.0,ws,7616715.0,2924310.0,288230400,275807565.0,269568000.0,18765.0,6220800.0,284720550.0,276535500.0,1964250.0,6220800.0,288230400.0,2156544000.0,150120.0,43545600.0,2200239720.0,276535500.0,1964250.0,6220800.0,284720550.0,2773190670.0,0.041472,accelergy_plugin,accelergy_component_library_table_plugin,8.0,7.0,1.0,1.0,7.616714999999999,16384,124792258560.0,38.39332310582712,2.77319067,21.122602974049048,0.0831957201,33,True,0.08403608090909091
1080p,1920,1080,128,128,11,128,256,800.0,ws,4277625.0,0.0,288230400,275807565.0,269568000.0,18765.0,6220800.0,286216800.0,277944000.0,2052000.0,6220800.0,288230400.0,2156544000.0,150120.0,43545600.0,2200239720.0,277944000.0,2052000.0,6220800.0,286216800.0,2774686920.0,0.0175921875,accelergy_plugin,accelergy_component_library_table_plugin,8.0,7.0,1.0,1.0,4.2776250000000005,16384,70084608000.0,0.0,2.77468692,11.869070136165002,0.0832406076,100,True,0.0277468692
1080p,1920,1080,128,128,11,128,256,200.0,ws,4360590.0,0.0,288230400,275807565.0,269568000.0,18765.0,6220800.0,285196800.0,277005000.0,1971000.0,6220800.0,288230400.0,2156544000.0,150120.0,43545600.0,2200239720.0,277005000.0,1971000.0,6220800.0,285196800.0,2773666920.0,0.0175921875,accelergy_plugin,accelergy_component_library_table_plugin,8.0,7.0,1.0,1.0,4.36059,16384,71443906560.0,0.0,2.77366692,12.0948242346828,0.0832100076,100,True,0.0277366692
1080p,1920,1080,128,128,11,128,256,100.0,ws,4886670.0,415560.0,288230400,275807565.0,269568000.0,18765.0,6220800.0,284727300.0,276535500.0,1971000.0,6220800.0,288230400.0,2156544000.0,150120.0,43545600.0,2200239720.0,276535500.0,1971000.0,6220800.0,284727300.0,2773197420.0,0.020736,accelergy_plugin,accelergy_component_library_table_plugin,8.0,7.0,1.0,1.0,4.8866700000000005,16384,80063201280.0,8.503950543007816,2.77319742,13.5517006363914,0.0831959226,100,True,0.0277319742
1080p,1920,1080,128,128,11,128,256,50.0,ws,7616715.0,2924310.0,288230400,275807565.0,269568000.0,18765.0,6220800.0,284720550.0,276535500.0,1964250.0,6220800.0,288230400.0,2156544000.0,150120.0,43545600.0,2200239720.0,276535500.0,1964250.0,6220800.0,284720550.0,2773190670.0,0.041472,accelergy_plugin,accelergy_component_library_table_plugin,8.0,7.0,1.0,1.0,7.616714999999999,16384,124792258560.0,38.39332310582712,2.77319067,21.122602974049048,0.0831957201,100,True,0.0277319067
1080p,1920,1080,128,128,11,128,256,800.0,ws,4277625.0,0.0,288230400,275807565.0,269568000.0,18765.0,6220800.0,286216800.0,277944000.0,2052000.0,6220800.0,288230400.0,2156544000.0,150120.0,43545600.0,2200239720.0,277944000.0,2052000.0,6220800.0,286216800.0,2774686920.0,0.0175921875,accelergy_plugin,accelergy_component_library_table_plugin,8.0,7.0,1.0,1.0,4.2776250000000005,16384,70084608000.0,0.0,2.77468692,11.869070136165002,0.0832406076,200,True,0.0138734346
1080p,1920,1080,128,128,11,128,256,200.0,ws,4360590.0,0.0,288230400,275807565.0,269568000.0,18765.0,6220800.0,285196800.0,277005000.0,1971000.0,6220800.0,288230400.0,2156544000.0,150120.0,43545600.0,2200239720.0,277005000.0,1971000.0,6220800.0,285196800.0,2773666920.0,0.0175921875,accelergy_plugin,accelergy_component_library_table_plugin,8.0,7.0,1.0,1.0,4.36059,16384,71443906560.0,0.0,2.77366692,12.0948242346828,0.0832100076,200,True,0.0138683346
1080p,1920,1080,128,128,11,128,256,100.0,ws,4886670.0,415560.0,288230400,275807565.0,269568000.0,18765.0,6220800.0,284727300.0,276535500.0,1971000.0,6220800.0,288230400.0,2156544000.0,150120.0,43545600.0,2200239720.0,276535500.0,1971000.0,6220800.0,284727300.0,2773197420.0,0.020736,accelergy_plugin,accelergy_component_library_table_plugin,8.0,7.0,1.0,1.0,4.8866700000000005,16384,80063201280.0,8.503950543007816,2.77319742,13.5517006363914,0.0831959226,200,True,0.0138659871
1080p,1920,1080,128,128,11,128,256,50.0,ws,7616715.0,2924310.0,288230400,275807565.0,269568000.0,18765.0,6220800.0,284720550.0,276535500.0,1964250.0,6220800.0,288230400.0,2156544000.0,150120.0,43545600.0,2200239720.0,276535500.0,1964250.0,6220800.0,284720550.0,2773190670.0,0.041472,accelergy_plugin,accelergy_component_library_table_plugin,8.0,7.0,1.0,1.0,7.616714999999999,16384,124792258560.0,38.39332310582712,2.77319067,21.122602974049048,0.0831957201,200,True,0.01386595335
720p,1280,720,128,128,3,16,256,800.0,ws,1860850.0,0.0,24883200,19355220.0,16588800.0,1620.0,2764800.0,22988800.0,20128000.0,96000.0,2764800.0,24883200.0,132710400.0,12960.0,19353600.0,152076960.0,20128000.0,96000.0,2764800.0,22988800.0,199948960.0,0.09720000000000001,accelergy_plugin,accelergy_component_library_table_plugin,8.0,7.0,1.0,1.0,1.8608500000000001,256,476377600.0,0.0,0.19994896,0.37207502221600003,0.0059984688,33,True,0.006059059393939394
720p,1280,720,128,128,3,16,256,200.0,ws,1897730.0,0.0,24883200,19355220.0,16588800.0,1620.0,2764800.0,22848800.0,20060000.0,24000.0,2764800.0,24883200.0,132710400.0,12960.0,19353600.0,152076960.0,20060000.0,24000.0,2764800.0,22848800.0,199808960.0,0.09720000000000001,accelergy_plugin,accelergy_component_library_table_plugin,8.0,7.0,1.0,1.0,1.8977300000000001,256,485818880.0,0.0,0.19980896,0.3791834576608,0.0059942688,33,True,0.00605481696969697
720p,1280,720,128,128,3,16,256,50.0,ws,2045190.0,0.0,24883200,19355220.0,16588800.0,1620.0,2764800.0,22808800.0,20026000.0,18000.0,2764800.0,24883200.0,132710400.0,12960.0,19353600.0,152076960.0,20026000.0,18000.0,2764800.0,22808800.0,199768960.0,0.09720000000000001,accelergy_plugin,accelergy_component_library_table_plugin,8.0,7.0,1.0,1.0,2.0451900000000003,256,523568640.0,0.0,0.19976896,0.40856547930240006,0.0059930688,33,True,0.006053604848484849
720p,1280,720,128,128,3,64,1024,800.0,is,5539270.0,0.0,24883200,19742400.0,16588800.0,388800.0,2764800.0,19516800.0,16656000.0,96000.0,2764800.0,24883200.0,132710400.0,3110400.0,19353600.0,155174400.0,16656000.0,96000.0,2764800.0,19516800.0,199574400.0,0.0060750000000000005,accelergy_plugin,accelergy_component_library_table_plugin,8.0,7.0,1.0,1.0,5.53927,4096,22688849920.0,0.0,0.1995744,1.1054964866880002,0.005987232,33,True,0.006047709090909091
720p,1280,720,128,128,3,128,1024,800.0,is,5546470.0,0.0,24883200,19548000.0,16588800.0,194400.0,2764800.0,19516800.0,16656000.0,96000.0,2764800.0,24883200.0,132710400.0,1555200.0,19353600.0,153619200.0,16656000.0,96000.0,2764800.0,19516800.0,198019200.0,0.0015187500000000001,accelergy_plugin,accelergy_component_library_table_plugin,8.0,7.0,1.0,1.0,5.54647,16384,90873364480.0,0.0,0.1980192,1.098307552224,0.005940576,33,True,0.006000581818181818
720p,1280,720,128,128,3,128,1024,200.0,is,5619030.0,0.0,24883200,19548000.0,16588800.0,194400.0,2764800.0,19404800.0,16604000.0,36000.0,2764800.0,24883200.0,132710400.0,1555200.0,19353600.0,153619200.0,16604000.0,36000.0,2764800.0,19404800.0,197907200.0,0.004608,accelergy_plugin,accelergy_component_library_table_plugin,8.0,7.0,1.0,1.0,5.6190299999999995,16384,92062187520.0,0.0,0.1979072,1.112046494016,0.005937216,33,True,0.005997187878787879
720p,1280,720,128,128,3,128,1024,50.0,is,5909390.0,0.0,24883200,19548000.0,16588800.0,194400.0,2764800.0,19385800.0,16594000.0,27000.0,2764800.0,24883200.0,132710400.0,1555200.0,19353600.0,153619200.0,16594000.0,27000.0,2764800.0,19385800.0,197888200.0,0.018432,accelergy_plugin,accelergy_component_library_table_plugin,8.0,7.0,1.0,1.0,5.909389999999999,16384,96819445760.0,0.0,0.1978882,1.1693985501979998,0.005936646,33,True,0.005996612121212122
720p,1280,720,128,128,3,16,256,800.0,ws,1860850.0,0.0,24883200,19355220.0,16588800.0,1620.0,2764800.0,22988800.0,20128000.0,96000.0,2764800.0,24883200.0,132710400.0,12960.0,19353600.0,152076960.0,20128000.0,96000.0,2764800.0,22988800.0,199948960.0,0.09720000000000001,accelergy_plugin,accelergy_component_library_table_plugin,8.0,7.0,1.0,1.0,1.8608500000000001,256,476377600.0,0.0,0.19994896,0.37207502221600003,0.0059984688,100,True,0.0019994896
720p,1280,720,128,128,3,16,256,200.0,ws,1897730.0,0.0,24883200,19355220.0,16588800.0,1620.0,2764800.0,22848800.0,20060000.0,24000.0,2764800.0,24883200.0,132710400.0,12960.0,19353600.0,152076960.0,20060000.0,24000.0,2764800.0,22848800.0,199808960.0,0.09720000000000001,accelergy_plugin,accelergy_component_library_table_plugin,8.0,7.0,1.0,1.0,1.8977300000000001,256,485818880.0,0.0,0.19980896,0.3791834576608,0.0059942688,100,True,0.0019980896
720p,1280,720,128,128,3,16,256,50.0,ws,2045190.0,0.0,24883200,19355220.0,16588800.0,1620.0,2764800.0,22808800.0,20026000.0,18000.0,2764800.0,24883200.0,132710400.0,12960.0,19353600.0,152076960.0,20026000.0,18000.0,2764800.0,22808800.0,199768960.0,0.09720000000000001,accelergy_plugin,accelergy_component_library_table_plugin,8.0,7.0,1.0,1.0,2.0451900000000003,256,523568640.0,0.0,0.19976896,0.40856547930240006,0.0059930688,100,True,0.0019976896
720p,1280,720,128,128,3,64,1024,800.0,is,5539270.0,0.0,24883200,19742400.0,16588800.0,388800.0,2764800.0,19516800.0,16656000.0,96000.0,2764800.0,24883200.0,132710400.0,3110400.0,19353600.0,155174400.0,16656000.0,96000.0,2764800.0,19516800.0,199574400.0,0.0060750000000000005,accelergy_plugin,accelergy_component_library_table_plugin,8.0,7.0,1.0,1.0,5.53927,4096,22688849920.0,0.0,0.1995744,1.1054964866880002,0.005987232,100,True,0.001995744
720p,1280,720,128,128,3,128,1024,800.0,is,5546470.0,0.0,24883200,19548000.0,16588800.0,194400.0,2764800.0,19516800.0,16656000.0,96000.0,2764800.0,24883200.0,132710400.0,1555200.0,19353600.0,153619200.0,16656000.0,96000.0,2764800.0,19516800.0,198019200.0,0.0015187500000000001,accelergy_plugin,accelergy_component_library_table_plugin,8.0,7.0,1.0,1.0,5.54647,16384,90873364480.0,0.0,0.1980192,1.098307552224,0.005940576,100,True,0.001980192
720p,1280,720,128,128,3,128,1024,200.0,is,5619030.0,0.0,24883200,19548000.0,16588800.0,194400.0,2764800.0,19404800.0,16604000.0,36000.0,2764800.0,24883200.0,132710400.0,1555200.0,19353600.0,153619200.0,16604000.0,36000.0,2764800.0,19404800.0,197907200.0,0.004608,accelergy_plugin,accelergy_component_library_table_plugin,8.0,7.0,1.0,1.0,5.6190299999999995,16384,92062187520.0,0.0,0.1979072,1.112046494016,0.005937216,100,True,0.001979072
720p,1280,720,128,128,3,128,1024,50.0,is,5909390.0,0.0,24883200,19548000.0,16588800.0,194400.0,2764800.0,19385800.0,16594000.0,27000.0,2764800.0,24883200.0,132710400.0,1555200.0,19353600.0,153619200.0,16594000.0,27000.0,2764800.0,19385800.0,197888200.0,0.018432,accelergy_plugin,accelergy_component_library_table_plugin,8.0,7.0,1.0,1.0,5.909389999999999,16384,96819445760.0,0.0,0.1978882,1.1693985501979998,0.005936646,100,True,0.001978882
720p,1280,720,128,128,3,16,256,800.0,ws,1860850.0,0.0,24883200,19355220.0,16588800.0,1620.0,2764800.0,22988800.0,20128000.0,96000.0,2764800.0,24883200.0,132710400.0,12960.0,19353600.0,152076960.0,20128000.0,96000.0,2764800.0,22988800.0,199948960.0,0.09720000000000001,accelergy_plugin,accelergy_component_library_table_plugin,8.0,7.0,1.0,1.0,1.8608500000000001,256,476377600.0,0.0,0.19994896,0.37207502221600003,0.0059984688,200,True,0.0009997448
720p,1280,720,128,128,3,16,256,200.0,ws,1897730.0,0.0,24883200,19355220.0,16588800.0,1620.0,2764800.0,22848800.0,20060000.0,24000.0,2764800.0,24883200.0,132710400.0,12960.0,19353600.0,152076960.0,20060000.0,24000.0,2764800.0,22848800.0,199808960.0,0.09720000000000001,accelergy_plugin,accelergy_component_library_table_plugin,8.0,7.0,1.0,1.0,1.8977300000000001,256,485818880.0,0.0,0.19980896,0.3791834576608,0.0059942688,200,True,0.0009990448
720p,1280,720,128,128,3,16,256,50.0,ws,2045190.0,0.0,24883200,19355220.0,16588800.0,1620.0,2764800.0,22808800.0,20026000.0,18000.0,2764800.0,24883200.0,132710400.0,12960.0,19353600.0,152076960.0,20026000.0,18000.0,2764800.0,22808800.0,199768960.0,0.09720000000000001,accelergy_plugin,accelergy_component_library_table_plugin,8.0,7.0,1.0,1.0,2.0451900000000003,256,523568640.0,0.0,0.19976896,0.40856547930240006,0.0059930688,200,True,0.0009988448
720p,1280,720,128,128,3,64,1024,800.0,is,5539270.0,0.0,24883200,19742400.0,16588800.0,388800.0,2764800.0,19516800.0,16656000.0,96000.0,2764800.0,24883200.0,132710400.0,3110400.0,19353600.0,155174400.0,16656000.0,96000.0,2764800.0,19516800.0,199574400.0,0.0060750000000000005,accelergy_plugin,accelergy_component_library_table_plugin,8.0,7.0,1.0,1.0,5.53927,4096,22688849920.0,0.0,0.1995744,1.1054964866880002,0.005987232,200,True,0.000997872
720p,1280,720,128,128,3,128,1024,800.0,is,5546470.0,0.0,24883200,19548000.0,16588800.0,194400.0,2764800.0,19516800.0,16656000.0,96000.0,2764800.0,24883200.0,132710400.0,1555200.0,19353600.0,153619200.0,16656000.0,96000.0,2764800.0,19516800.0,198019200.0,0.0015187500000000001,accelergy_plugin,accelergy_component_library_table_plugin,8.0,7.0,1.0,1.0,5.54647,16384,90873364480.0,0.0,0.1980192,1.098307552224,0.005940576,200,True,0.000990096
720p,1280,720,128,128,3,128,1024,200.0,is,5619030.0,0.0,24883200,19548000.0,16588800.0,194400.0,2764800.0,19404800.0,16604000.0,36000.0,2764800.0,24883200.0,132710400.0,1555200.0,19353600.0,153619200.0,16604000.0,36000.0,2764800.0,19404800.0,197907200.0,0.004608,accelergy_plugin,accelergy_component_library_table_plugin,8.0,7.0,1.0,1.0,5.6190299999999995,16384,92062187520.0,0.0,0.1979072,1.112046494016,0.005937216,200,True,0.000989536
720p,1280,720,128,128,3,128,1024,50.0,is,5909390.0,0.0,24883200,19548000.0,16588800.0,194400.0,2764800.0,19385800.0,16594000.0,27000.0,2764800.0,24883200.0,132710400.0,1555200.0,19353600.0,153619200.0,16594000.0,27000.0,2764800.0,19385800.0,197888200.0,0.018432,accelergy_plugin,accelergy_component_library_table_plugin,8.0,7.0,1.0,1.0,5.909389999999999,16384,96819445760.0,0.0,0.1978882,1.1693985501979998,0.005936646,200,True,0.000989441
720p,1280,720,128,128,5,32,256,800.0,ws,1866610.0,0.0,39628800,34101780.0,31334400.0,2580.0,2764800.0,36604800.0,33744000.0,96000.0,2764800.0,39628800.0,250675200.0,20640.0,19353600.0,270049440.0,33744000.0,96000.0,2764800.0,36604800.0,346283040.0,0.0387,accelergy_plugin,accelergy_component_library_table_plugin,8.0,7.0,1.0,1.0,1.86661,1024,1911408640.0,0.0,0.34628304,0.6463753852944,0.0103884912,33,True,0.010493425454545456
720p,1280,720,128,128,5,32,256,200.0,ws,1903490.0,0.0,39628800,34101780.0,31334400.0,2580.0,2764800.0,36466800.0,33630000.0,72000.0,2764800.0,39628800.0,250675200.0,20640.0,19353600.0,270049440.0,33630000.0,72000.0,2764800.0,36466800.0,346145040.0,0.0387,accelergy_plugin,accelergy_component_library_table_plugin,8.0,7.0,1.0,1.0,1.9034900000000001,1024,1949173760.0,0.0,0.34614504,0.6588836221896001,0.0103843512,33,True,0.010489243636363636
720p,1280,720,128,128,5,32,256,50.0,ws,2050950.0,0.0,39628800,34101780.0,31334400.0,2580.0,2764800.0,36403800.0,33573000.0,66000.0,2764800.0,39628800.0,250675200.0,20640.0,19353600.0,270049440.0,33573000.0,66000.0,2764800.0,36403800.0,346082040.0,0.0387,accelergy_plugin,accelergy_component_library_table_plugin,8.0,7.0,1.0,1.0,2.0509500000000003,1024,2100172800.0,0.0,0.34608204,0.7097969599380001,0.0103824612,33,True,0.010487334545454545
720p,1280,720,128,128,5,32,256,800.0,ws,1866610.0,0.0,39628800,34101780.0,31334400.0,2580.0,2764800.0,36604800.0,33744000.0,96000.0,2764800.0,39628800.0,250675200.0,20640.0,19353600.0,270049440.0,33744000.0,96000.0,2764800.0,36604800.0,346283040.0,0.0387,accelergy_plugin,accelergy_component_library_table_plugin,8.0,7.0,1.0,1.0,1.86661,1024,1911408640.0,0.0,0.34628304,0.6463753852944,0.0103884912,100,True,0.0034628304
720p,1280,720,128,128,5,32,256,200.0,ws,1903490.0,0.0,39628800,34101780.0,31334400.0,2580.0,2764800.0,36466800.0,33630000.0,72000.0,2764800.0,39628800.0,250675200.0,20640.0,19353600.0,270049440.0,33630000.0,72000.0,2764800.0,36466800.0,346145040.0,0.0387,accelergy_plugin,accelergy_component_library_table_plugin,8.0,7.0,1.0,1.0,1.9034900000000001,1024,1949173760.0,0.0,0.34614504,0.6588836221896001,0.0103843512,100,True,0.0034614504
720p,1280,720,128,128,5,32,256,50.0,ws,2050950.0,0.0,39628800,34101780.0,31334400.0,2580.0,2764800.0,36403800.0,33573000.0,66000.0,2764800.0,39628800.0,250675200.0,20640.0,19353600.0,270049440.0,33573000.0,66000.0,2764800.0,36403800.0,346082040.0,0.0387,accelergy_plugin,accelergy_component_library_table_plugin,8.0,7.0,1.0,1.0,2.0509500000000003,1024,2100172800.0,0.0,0.34608204,0.7097969599380001,0.0103824612,100,True,0.0034608204
720p,1280,720,128,128,5,32,256,800.0,ws,1866610.0,0.0,39628800,34101780.0,31334400.0,2580.0,2764800.0,36604800.0,33744000.0,96000.0,2764800.0,39628800.0,250675200.0,20640.0,19353600.0,270049440.0,33744000.0,96000.0,2764800.0,36604800.0,346283040.0,0.0387,accelergy_plugin,accelergy_component_library_table_plugin,8.0,7.0,1.0,1.0,1.86661,1024,1911408640.0,0.0,0.34628304,0.6463753852944,0.0103884912,200,True,0.0017314152
720p,1280,720,128,128,5,32,256,200.0,ws,1903490.0,0.0,39628800,34101780.0,31334400.0,2580.0,2764800.0,36466800.0,33630000.0,72000.0,2764800.0,39628800.0,250675200.0,20640.0,19353600.0,270049440.0,33630000.0,72000.0,2764800.0,36466800.0,346145040.0,0.0387,accelergy_plugin,accelergy_component_library_table_plugin,8.0,7.0,1.0,1.0,1.9034900000000001,1024,1949173760.0,0.0,0.34614504,0.6588836221896001,0.0103843512,200,True,0.0017307252
720p,1280,720,128,128,5,32,256,50.0,ws,2050950.0,0.0,39628800,34101780.0,31334400.0,2580.0,2764800.0,36403800.0,33573000.0,66000.0,2764800.0,39628800.0,250675200.0,20640.0,19353600.0,270049440.0,33573000.0,66000.0,2764800.0,36403800.0,346082040.0,0.0387,accelergy_plugin,accelergy_component_library_table_plugin,8.0,7.0,1.0,1.0,2.0509500000000003,1024,2100172800.0,0.0,0.34608204,0.7097969599380001,0.0103824612,200,True,0.0017304102
720p,1280,720,128,128,7,64,256,800.0,ws,1878130.0,0.0,61747200,56221620.0,53452800.0,4020.0,2764800.0,59836800.0,56832000.0,240000.0,2764800.0,61747200.0,427622400.0,32160.0,19353600.0,447008160.0,56832000.0,240000.0,2764800.0,59836800.0,568592160.0,0.015075,accelergy_plugin,accelergy_component_library_table_plugin,8.0,7.0,1.0,1.0,1.87813,4096,7692820480.0,0.0,0.56859216,1.0678899934608002,0.0170577648,33,True,0.017230065454545456
720p,1280,720,128,128,7,64,256,200.0,ws,1915010.0,0.0,61747200,56221620.0,53452800.0,4020.0,2764800.0,59632800.0,56640000.0,228000.0,2764800.0,61747200.0,427622400.0,32160.0,19353600.0,447008160.0,56640000.0,228000.0,2764800.0,59632800.0,568388160.0,0.015075,accelergy_plugin,accelergy_component_library_table_plugin,8.0,7.0,1.0,1.0,1.9150099999999999,4096,7843880960.0,0.0,0.56838816,1.0884690102816,0.0170516448,33,True,0.017223883636363638
720p,1280,720,128,128,7,64,256,50.0,ws,2062470.0,0.0,61747200,56221620.0,53452800.0,4020.0,2764800.0,59533800.0,56544000.0,225000.0,2764800.0,61747200.0,427622400.0,32160.0,19353600.0,447008160.0,56544000.0,225000.0,2764800.0,59533800.0,568289160.0,0.018432,accelergy_plugin,accelergy_component_library_table_plugin,8.0,7.0,1.0,1.0,2.06247,4096,8447877120.0,0.0,0.56828916,1.1720793438251997,0.0170486748,33,True,0.017220883636363635
720p,1280,720,128,128,7,64,256,800.0,ws,1878130.0,0.0,61747200,56221620.0,53452800.0,4020.0,2764800.0,59836800.0,56832000.0,240000.0,2764800.0,61747200.0,427622400.0,32160.0,19353600.0,447008160.0,56832000.0,240000.0,2764800.0,59836800.0,568592160.0,0.015075,accelergy_plugin,accelergy_component_library_table_plugin,8.0,7.0,1.0,1.0,1.87813,4096,7692820480.0,0.0,0.56859216,1.0678899934608002,0.0170577648,100,True,0.0056859216
720p,1280,720,128,128,7,64,256,200.0,ws,1915010.0,0.0,61747200,56221620.0,53452800.0,4020.0,2764800.0,59632800.0,56640000.0,228000.0,2764800.0,61747200.0,427622400.0,32160.0,19353600.0,447008160.0,56640000.0,228000.0,2764800.0,59632800.0,568388160.0,0.015075,accelergy_plugin,accelergy_component_library_table_plugin,8.0,7.0,1.0,1.0,1.9150099999999999,4096,7843880960.0,0.0,0.56838816,1.0884690102816,0.0170516448,100,True,0.0056838816
720p,1280,720,128,128,7,64,256,50.0,ws,2062470.0,0.0,61747200,56221620.0,53452800.0,4020.0,2764800.0,59533800.0,56544000.0,225000.0,2764800.0,61747200.0,427622400.0,32160.0,19353600.0,447008160.0,56544000.0,225000.0,2764800.0,59533800.0,568289160.0,0.018432,accelergy_plugin,accelergy_component_library_table_plugin,8.0,7.0,1.0,1.0,2.06247,4096,8447877120.0,0.0,0.56828916,1.1720793438251997,0.0170486748,100,True,0.0056828916
720p,1280,720,128,128,7,64,256,800.0,ws,1878130.0,0.0,61747200,56221620.0,53452800.0,4020.0,2764800.0,59836800.0,56832000.0,240000.0,2764800.0,61747200.0,427622400.0,32160.0,19353600.0,447008160.0,56832000.0,240000.0,2764800.0,59836800.0,568592160.0,0.015075,accelergy_plugin,accelergy_component_library_table_plugin,8.0,7.0,1.0,1.0,1.87813,4096,7692820480.0,0.0,0.56859216,1.0678899934608002,0.0170577648,200,True,0.0028429608
720p,1280,720,128,128,7,64,256,200.0,ws,1915010.0,0.0,61747200,56221620.0,53452800.0,4020.0,2764800.0,59632800.0,56640000.0,228000.0,2764800.0,61747200.0,427622400.0,32160.0,19353600.0,447008160.0,56640000.0,228000.0,2764800.0,59632800.0,568388160.0,0.015075,accelergy_plugin,accelergy_component_library_table_plugin,8.0,7.0,1.0,1.0,1.9150099999999999,4096,7843880960.0,0.0,0.56838816,1.0884690102816,0.0170516448,200,True,0.0028419408
720p,1280,720,128,128,7,64,256,50.0,ws,2062470.0,0.0,61747200,56221620.0,53452800.0,4020.0,2764800.0,59533800.0,56544000.0,225000.0,2764800.0,61747200.0,427622400.0,32160.0,19353600.0,447008160.0,56544000.0,225000.0,2764800.0,59533800.0,568289160.0,0.018432,accelergy_plugin,accelergy_component_library_table_plugin,8.0,7.0,1.0,1.0,2.06247,4096,8447877120.0,0.0,0.56828916,1.1720793438251997,0.0170486748,200,True,0.0028414458
720p,1280,720,128,128,11,128,256,800.0,ws,1901170.0,0.0,128102400,122581140.0,119808000.0,8340.0,2764800.0,127404800.0,123728000.0,912000.0,2764800.0,128102400.0,958464000.0,66720.0,19353600.0,977884320.0,123728000.0,912000.0,2764800.0,127404800.0,1233391520.0,0.007818750000000001,accelergy_plugin,accelergy_component_library_table_plugin,8.0,7.0,1.0,1.0,1.90117,16384,31148769280.0,0.0,1.23339152,2.3448869560784003,0.0370017456,33,True,0.03737550060606061
720p,1280,720,128,128,11,128,256,200.0,ws,1938050.0,0.0,128102400,122581140.0,119808000.0,8340.0,2764800.0,126950800.0,123310000.0,876000.0,2764800.0,128102400.0,958464000.0,66720.0,19353600.0,977884320.0,123310000.0,876000.0,2764800.0,126950800.0,1232937520.0,0.007818750000000001,accelergy_plugin,accelergy_component_library_table_plugin,8.0,7.0,1.0,1.0,1.93805,16384,31753011200.0,0.0,1.23293752,2.389494560636,0.0369881256,33,True,0.037361743030303034
720p,1280,720,128,128,11,128,256,50.0,ws,3391650.0,1306140.0,128102400,122581140.0,119808000.0,8340.0,2764800.0,126738800.0,123101000.0,873000.0,2764800.0,128102400.0,958464000.0,66720.0,19353600.0,977884320.0,123101000.0,873000.0,2764800.0,126738800.0,1232725520.0,0.018432,accelergy_plugin,accelergy_component_library_table_plugin,8.0,7.0,1.0,1.0,3.39165,16384,55568793600.0,38.51045951085755,1.23272552,4.180973509908,0.0369817656,33,True,0.03735531878787879
720p,1280,720,128,128,11,128,256,800.0,ws,1901170.0,0.0,128102400,122581140.0,119808000.0,8340.0,2764800.0,127404800.0,123728000.0,912000.0,2764800.0,128102400.0,958464000.0,66720.0,19353600.0,977884320.0,123728000.0,912000.0,2764800.0,127404800.0,1233391520.0,0.007818750000000001,accelergy_plugin,accelergy_component_library_table_plugin,8.0,7.0,1.0,1.0,1.90117,16384,31148769280.0,0.0,1.23339152,2.3448869560784003,0.0370017456,100,True,0.0123339152
720p,1280,720,128,128,11,128,256,200.0,ws,1938050.0,0.0,128102400,122581140.0,119808000.0,8340.0,2764800.0,126950800.0,123310000.0,876000.0,2764800.0,128102400.0,958464000.0,66720.0,19353600.0,977884320.0,123310000.0,876000.0,2764800.0,126950800.0,1232937520.0,0.007818750000000001,accelergy_plugin,accelergy_component_library_table_plugin,8.0,7.0,1.0,1.0,1.93805,16384,31753011200.0,0.0,1.23293752,2.389494560636,0.0369881256,100,True,0.0123293752
720p,1280,720,128,128,11,128,256,50.0,ws,3391650.0,1306140.0,128102400,122581140.0,119808000.0,8340.0,2764800.0,126738800.0,123101000.0,873000.0,2764800.0,128102400.0,958464000.0,66720.0,19353600.0,977884320.0,123101000.0,873000.0,2764800.0,126738800.0,1232725520.0,0.018432,accelergy_plugin,accelergy_component_library_table_plugin,8.0,7.0,1.0,1.0,3.39165,16384,55568793600.0,38.51045951085755,1.23272552,4.180973509908,0.0369817656,100,True,0.0123272552
720p,1280,720,128,128,11,128,256,800.0,ws,1901170.0,0.0,128102400,122581140.0,119808000.0,8340.0,2764800.0,127404800.0,123728000.0,912000.0,2764800.0,128102400.0,958464000.0,66720.0,19353600.0,977884320.0,123728000.0,912000.0,2764800.0,127404800.0,1233391520.0,0.007818750000000001,accelergy_plugin,accelergy_component_library_table_plugin,8.0,7.0,1.0,1.0,1.90117,16384,31148769280.0,0.0,1.23339152,2.3448869560784003,0.0370017456,200,True,0.0061669576
720p,1280,720,128,128,11,128,256,200.0,ws,1938050.0,0.0,128102400,122581140.0,119808000.0,8340.0,2764800.0,126950800.0,123310000.0,876000.0,2764800.0,128102400.0,958464000.0,66720.0,19353600.0,977884320.0,123310000.0,876000.0,2764800.0,126950800.0,1232937520.0,0.007818750000000001,accelergy_plugin,accelergy_component_library_table_plugin,8.0,7.0,1.0,1.0,1.93805,16384,31753011200.0,0.0,1.23293752,2.389494560636,0.0369881256,200,True,0.0061646876
720p,1280,720,128,128,11,128,256,50.0,ws,3391650.0,1306140.0,128102400,122581140.0,119808000.0,8340.0,2764800.0,126738800.0,123101000.0,873000.0,2764800.0,128102400.0,958464000.0,66720.0,19353600.0,977884320.0,123101000.0,873000.0,2764800.0,126738800.0,1232725520.0,0.018432,accelergy_plugin,accelergy_component_library_table_plugin,8.0,7.0,1.0,1.0,3.39165,16384,55568793600.0,38.51045951085755,1.23272552,4.180973509908,0.0369817656,200,True,0.0061636276
hires,2048,2048,128,128,3,16,256,800.0,ws,8464896.0,0.0,113246208,88087296.0,75497472.0,6912.0,12582912.0,103923712.0,90931200.0,409600.0,12582912.0,113246208.0,603979776.0,55296.0,88080384.0,692115456.0,90931200.0,409600.0,12582912.0,103923712.0,909285376.0,0.442368,accelergy_plugin,accelergy_component_library_table_plugin,8.0,7.0,1.0,1.0,8.464896,256,2167013376.0,0.0,0.909285376,7.6970061421608955,0.02727856128,33,True,0.027554102303030303
hires,2048,2048,128,128,3,16,256,200.0,ws,8625152.0,0.0,113246208,88087296.0,75497472.0,6912.0,12582912.0,103309312.0,90624000.0,102400.0,12582912.0,113246208.0,603979776.0,55296.0,88080384.0,692115456.0,90624000.0,102400.0,12582912.0,103309312.0,908670976.0,0.442368,accelergy_plugin,accelergy_component_library_table_plugin,8.0,7.0,1.0,1.0,8.625152,256,2208038912.0,0.0,0.908670976,7.837425285988352,0.02726012928,33,True,0.027535484121212123
hires,2048,2048,128,128,3,16,256,50.0,ws,9266176.0,0.0,113246208,88087296.0,75497472.0,6912.0,12582912.0,103130112.0,90470400.0,76800.0,12582912.0,113246208.0,603979776.0,55296.0,88080384.0,692115456.0,90470400.0,76800.0,12582912.0,103130112.0,908491776.0,0.442368,accelergy_plugin,accelergy_component_library_table_plugin,8.0,7.0,1.0,1.0,9.266176,256,2372141056.0,0.0,0.908491776,8.418244690968576,0.02725475328,33,True,0.02753005381818182
hires,2048,2048,128,128,3,64,1024,800.0,is,25209856.0,0.0,113246208,89849856.0,75497472.0,1769472.0,12582912.0,88768512.0,75776000.0,409600.0,12582912.0,113246208.0,603979776.0,14155776.0,88080384.0,706215936.0,75776000.0,409600.0,12582912.0,88768512.0,908230656.0,0.027648,accelergy_plugin,accelergy_component_library_table_plugin,8.0,7.0,1.0,1.0,25.209856,4096,103259570176.0,0.0,0.908230656,22.896364052545533,0.02724691968,33,True,0.027522141090909093
hires,2048,2048,128,128,3,128,1024,800.0,is,25242624.0,0.0,113246208,88965120.0,75497472.0,884736.0,12582912.0,88768512.0,75776000.0,409600.0,12582912.0,113246208.0,603979776.0,7077888.0,88080384.0,699138048.0,75776000.0,409600.0,12582912.0,88768512.0,901152768.0,0.006912,accelergy_plugin,accelergy_component_library_table_plugin,8.0,7.0,1.0,1.0,25.242624000000003,16384,413575151616.0,0.0,0.901152768,22.747460489183233,0.02703458304,33,True,0.027307659636363637
hires,2048,2048,128,128,3,128,1024,200.0,is,25572864.0,0.0,113246208,88965120.0,75497472.0,884736.0,12582912.0,88307712.0,75571200.0,153600.0,12582912.0,113246208.0,603979776.0,7077888.0,88080384.0,699138048.0,75571200.0,153600.0,12582912.0,88307712.0,900691968.0,0.02097152,accelergy_plugin,accelergy_component_library_table_plugin,8.0,7.0,1.0,1.0,25.572864,16384,418985803776.0,0.0,0.900691968,23.03327320355635,0.02702075904,33,True,0.027293696
hires,2048,2048,128,128,3,128,1024,50.0,is,26894336.0,0.0,113246208,88965120.0,75497472.0,884736.0,12582912.0,88218112.0,75520000.0,115200.0,12582912.0,113246208.0,603979776.0,7077888.0,88080384.0,699138048.0,75520000.0,115200.0,12582912.0,88218112.0,900602368.0,0.08388608,accelergy_plugin,accelergy_component_library_table_plugin,8.0,7.0,1.0,1.0,26.894336000000003,16384,440636801024.0,0.0,0.900602368,24.221102687387653,0.02701807104,33,True,0.027290980848484848
hires,2048,2048,128,128,3,16,256,800.0,ws,8464896.0,0.0,113246208,88087296.0,75497472.0,6912.0,12582912.0,103923712.0,90931200.0,409600.0,12582912.0,113246208.0,603979776.0,55296.0,88080384.0,692115456.0,90931200.0,409600.0,12582912.0,103923712.0,909285376.0,0.442368,accelergy_plugin,accelergy_component_library_table_plugin,8.0,7.0,1.0,1.0,8.464896,256,2167013376.0,0.0,0.909285376,7.6970061421608955,0.02727856128,100,True,0.00909285376
hires,2048,2048,128,128,3,16,256,200.0,ws,8625152.0,0.0,113246208,88087296.0,75497472.0,6912.0,12582912.0,103309312.0,90624000.0,102400.0,12582912.0,113246208.0,603979776.0,55296.0,88080384.0,692115456.0,90624000.0,102400.0,12582912.0,103309312.0,908670976.0,0.442368,accelergy_plugin,accelergy_component_library_table_plugin,8.0,7.0,1.0,1.0,8.625152,256,2208038912.0,0.0,0.908670976,7.837425285988352,0.02726012928,100,True,0.00908670976
hires,2048,2048,128,128,3,16,256,50.0,ws,9266176.0,0.0,113246208,88087296.0,75497472.0,6912.0,12582912.0,103130112.0,90470400.0,76800.0,12582912.0,113246208.0,603979776.0,55296.0,88080384.0,692115456.0,90470400.0,76800.0,12582912.0,103130112.0,908491776.0,0.442368,accelergy_plugin,accelergy_component_library_table_plugin,8.0,7.0,1.0,1.0,9.266176,256,2372141056.0,0.0,0.908491776,8.418244690968576,0.02725475328,100,True,0.00908491776
hires,2048,2048,128,128,3,64,1024,800.0,is,25209856.0,0.0,113246208,89849856.0,75497472.0,1769472.0,12582912.0,88768512.0,75776000.0,409600.0,12582912.0,113246208.0,603979776.0,14155776.0,88080384.0,706215936.0,75776000.0,409600.0,12582912.0,88768512.0,908230656.0,0.027648,accelergy_plugin,accelergy_component_library_table_plugin,8.0,7.0,1.0,1.0,25.209856,4096,103259570176.0,0.0,0.908230656,22.896364052545533,0.02724691968,100,True,0.00908230656
hires,2048,2048,128,128,3,128,1024,800.0,is,25242624.0,0.0,113246208,88965120.0,75497472.0,884736.0,12582912.0,88768512.0,75776000.0,409600.0,12582912.0,113246208.0,603979776.0,7077888.0,88080384.0,699138048.0,75776000.0,409600.0,12582912.0,88768512.0,901152768.0,0.006912,accelergy_plugin,accelergy_component_library_table_plugin,8.0,7.0,1.0,1.0,25.242624000000003,16384,413575151616.0,0.0,0.901152768,22.747460489183233,0.02703458304,100,True,0.00901152768
hires,2048,2048,128,128,3,128,1024,200.0,is,25572864.0,0.0,113246208,88965120.0,75497472.0,884736.0,12582912.0,88307712.0,75571200.0,153600.0,12582912.0,113246208.0,603979776.0,7077888.0,88080384.0,699138048.0,75571200.0,153600.0,12582912.0,88307712.0,900691968.0,0.02097152,accelergy_plugin,accelergy_component_library_table_plugin,8.0,7.0,1.0,1.0,25.572864,16384,418985803776.0,0.0,0.900691968,23.03327320355635,0.02702075904,100,True,0.00900691968
hires,2048,2048,128,128,3,128,1024,50.0,is,26894336.0,0.0,113246208,88965120.0,75497472.0,884736.0,12582912.0,88218112.0,75520000.0,115200.0,12582912.0,113246208.0,603979776.0,7077888.0,88080384.0,699138048.0,75520000.0,115200.0,12582912.0,88218112.0,900602368.0,0.08388608,accelergy_plugin,accelergy_component_library_table_plugin,8.0,7.0,1.0,1.0,26.894336000000003,16384,440636801024.0,0.0,0.900602368,24.221102687387653,0.02701807104,100,True,0.00900602368
hires,2048,2048,128,128,3,16,256,800.0,ws,8464896.0,0.0,113246208,88087296.0,75497472.0,6912.0,12582912.0,103923712.0,90931200.0,409600.0,12582912.0,113246208.0,603979776.0,55296.0,88080384.0,692115456.0,90931200.0,409600.0,12582912.0,103923712.0,909285376.0,0.442368,accelergy_plugin,accelergy_component_library_table_plugin,8.0,7.0,1.0,1.0,8.464896,256,2167013376.0,0.0,0.909285376,7.6970061421608955,0.02727856128,200,True,0.00454642688
hires,2048,2048,128,128,3,16,256,200.0,ws,8625152.0,0.0,113246208,88087296.0,75497472.0,6912.0,12582912.0,103309312.0,90624000.0,102400.0,12582912.0,113246208.0,603979776.0,55296.0,88080384.0,692115456.0,90624000.0,102400.0,12582912.0,103309312.0,908670976.0,0.442368,accelergy_plugin,accelergy_component_library_table_plugin,8.0,7.0,1.0,1.0,8.625152,256,2208038912.0,0.0,0.908670976,7.837425285988352,0.02726012928,200,True,0.00454335488
hires,2048,2048,128,128,3,16,256,50.0,ws,9266176.0,0.0,113246208,88087296.0,75497472.0,6912.0,12582912.0,103130112.0,90470400.0,76800.0,12582912.0,113246208.0,603979776.0,55296.0,88080384.0,692115456.0,90470400.0,76800.0,12582912.0,103130112.0,908491776.0,0.442368,accelergy_plugin,accelergy_component_library_table_plugin,8.0,7.0,1.0,1.0,9.266176,256,2372141056.0,0.0,0.908491776,8.418244690968576,0.02725475328,200,True,0.00454245888
hires,2048,2048,128,128,3,64,1024,800.0,is,25209856.0,0.0,113246208,89849856.0,75497472.0,1769472.0,12582912.0,88768512.0,75776000.0,409600.0,12582912.0,113246208.0,603979776.0,14155776.0,88080384.0,706215936.0,75776000.0,409600.0,12582912.0,88768512.0,908230656.0,0.027648,accelergy_plugin,accelergy_component_library_table_plugin,8.0,7.0,1.0,1.0,25.209856,4096,103259570176.0,0.0,0.908230656,22.896364052545533,0.02724691968,200,True,0.00454115328
hires,2048,2048,128,128,3,128,1024,800.0,is,25242624.0,0.0,113246208,88965120.0,75497472.0,884736.0,12582912.0,88768512.0,75776000.0,409600.0,12582912.0,113246208.0,603979776.0,7077888.0,88080384.0,699138048.0,75776000.0,409600.0,12582912.0,88768512.0,901152768.0,0.006912,accelergy_plugin,accelergy_component_library_table_plugin,8.0,7.0,1.0,1.0,25.242624000000003,16384,413575151616.0,0.0,0.901152768,22.747460489183233,0.02703458304,200,True,0.00450576384
hires,2048,2048,128,128,3,128,1024,200.0,is,25572864.0,0.0,113246208,88965120.0,75497472.0,884736.0,12582912.0,88307712.0,75571200.0,153600.0,12582912.0,113246208.0,603979776.0,7077888.0,88080384.0,699138048.0,75571200.0,153600.0,12582912.0,88307712.0,900691968.0,0.02097152,accelergy_plugin,accelergy_component_library_table_plugin,8.0,7.0,1.0,1.0,25.572864,16384,418985803776.0,0.0,0.900691968,23.03327320355635,0.02702075904,200,True,0.00450345984
hires,2048,2048,128,128,3,128,1024,50.0,is,26894336.0,0.0,113246208,88965120.0,75497472.0,884736.0,12582912.0,88218112.0,75520000.0,115200.0,12582912.0,113246208.0,603979776.0,7077888.0,88080384.0,699138048.0,75520000.0,115200.0,12582912.0,88218112.0,900602368.0,0.08388608,accelergy_plugin,accelergy_component_library_table_plugin,8.0,7.0,1.0,1.0,26.894336000000003,16384,440636801024.0,0.0,0.900602368,24.221102687387653,0.02701807104,200,True,0.00450301184
hires,2048,2048,128,128,5,32,256,800.0,ws,8489472.0,0.0,180355072,155200256.0,142606336.0,11008.0,12582912.0,164544512.0,151552000.0,409600.0,12582912.0,180355072.0,1140850688.0,88064.0,88080384.0,1229019136.0,151552000.0,409600.0,12582912.0,164544512.0,1573918720.0,0.176128,accelergy_plugin,accelergy_component_library_table_plugin,8.0,7.0,1.0,1.0,8.489472,1024,8693219328.0,0.0,1.57391872,13.361738903715839,0.0472175616,33,True,0.04769450666666667
hires,2048,2048,128,128,5,32,256,200.0,ws,8649728.0,0.0,180355072,155200256.0,142606336.0,11008.0,12582912.0,163930112.0,151040000.0,307200.0,12582912.0,180355072.0,1140850688.0,88064.0,88080384.0,1229019136.0,151040000.0,307200.0,12582912.0,163930112.0,1573304320.0,0.176128,accelergy_plugin,accelergy_component_library_table_plugin,8.0,7.0,1.0,1.0,8.649728000000001,1024,8857321472.0,0.0,1.57330432,13.608654429224963,0.0471991296,33,True,0.04767588848484849
hires,2048,2048,128,128,5,32,256,50.0,ws,9290752.0,0.0,180355072,155200256.0,142606336.0,11008.0,12582912.0,163648512.0,150784000.0,281600.0,12582912.0,180355072.0,1140850688.0,88064.0,88080384.0,1229019136.0,150784000.0,281600.0,12582912.0,163648512.0,1573022720.0,0.176128,accelergy_plugin,accelergy_component_library_table_plugin,8.0,7.0,1.0,1.0,9.290752,1024,9513730048.0,0.0,1.57302272,14.61456398188544,0.0471906816,33,True,0.04766735515151515
hires,2048,2048,128,128,5,32,256,800.0,ws,8489472.0,0.0,180355072,155200256.0,142606336.0,11008.0,12582912.0,164544512.0,151552000.0,409600.0,12582912.0,180355072.0,1140850688.0,88064.0,88080384.0,1229019136.0,151552000.0,409600.0,12582912.0,164544512.0,1573918720.0,0.176128,accelergy_plugin,accelergy_component_library_table_plugin,8.0,7.0,1.0,1.0,8.489472,1024,8693219328.0,0.0,1.57391872,13.361738903715839,0.0472175616,100,True,0.0157391872
hires,2048,2048,128,128,5,32,256,200.0,ws,8649728.0,0.0,180355072,155200256.0,142606336.0,11008.0,12582912.0,163930112.0,151040000.0,307200.0,12582912.0,180355072.0,1140850688.0,88064.0,88080384.0,1229019136.0,151040000.0,307200.0,12582912.0,163930112.0,1573304320.0,0.176128,accelergy_plugin,accelergy_component_library_table_plugin,8.0,7.0,1.0,1.0,8.649728000000001,1024,8857321472.0,0.0,1.57330432,13.608654429224963,0.0471991296,100,True,0.0157330432
hires,2048,2048,128,128,5,32,256,50.0,ws,9290752.0,0.0,180355072,155200256.0,142606336.0,11008.0,12582912.0,163648512.0,150784000.0,281600.0,12582912.0,180355072.0,1140850688.0,88064.0,88080384.0,1229019136.0,150784000.0,281600.0,12582912.0,163648512.0,1573022720.0,0.176128,accelergy_plugin,accelergy_component_library_table_plugin,8.0,7.0,1.0,1.0,9.290752,1024,9513730048.0,0.0,1.57302272,14.61456398188544,0.0471906816,100,True,0.0157302272
hires,2048,2048,128,128,5,32,256,800.0,ws,8489472.0,0.0,180355072,155200256.0,142606336.0,11008.0,12582912.0,164544512.0,151552000.0,409600.0,12582912.0,180355072.0,1140850688.0,88064.0,88080384.0,1229019136.0,151552000.0,409600.0,12582912.0,164544512.0,1573918720.0,0.176128,accelergy_plugin,accelergy_component_library_table_plugin,8.0,7.0,1.0,1.0,8.489472,1024,8693219328.0,0.0,1.57391872,13.361738903715839,0.0472175616,200,True,0.0078695936
hires,2048,2048,128,128,5,32,256,200.0,ws,8649728.0,0.0,180355072,155200256.0,142606336.0,11008.0,12582912.0,163930112.0,151040000.0,307200.0,12582912.0,180355072.0,1140850688.0,88064.0,88080384.0,1229019136.0,151040000.0,307200.0,12582912.0,163930112.0,1573304320.0,0.176128,accelergy_plugin,accelergy_component_library_table_plugin,8.0,7.0,1.0,1.0,8.649728000000001,1024,8857321472.0,0.0,1.57330432,13.608654429224963,0.0471991296,200,True,0.0078665216
hires,2048,2048,128,128,5,32,256,50.0,ws,9290752.0,0.0,180355072,155200256.0,142606336.0,11008.0,12582912.0,163648512.0,150784000.0,281600.0,12582912.0,180355072.0,1140850688.0,88064.0,88080384.0,1229019136.0,150784000.0,281600.0,12582912.0,163648512.0,1573022720.0,0.176128,accelergy_plugin,accelergy_component_library_table_plugin,8.0,7.0,1.0,1.0,9.290752,1024,9513730048.0,0.0,1.57302272,14.61456398188544,0.0471906816,200,True,0.0078651136
hires,2048,2048,128,128,7,64,256,800.0,ws,8538624.0,0.0,281018368,255869696.0,243269632.0,17152.0,12582912.0,271245312.0,257638400.0,1024000.0,12582912.0,281018368.0,1946157056.0,137216.0,88080384.0,2034374656.0,257638400.0,1024000.0,12582912.0,271245312.0,2586638336.0,0.068608,accelergy_plugin,accelergy_component_library_table_plugin,8.0,7.0,1.0,1.0,8.538624,4096,34974203904.0,0.0,2.586638336,22.086332175089666,0.07759915008,33,True,0.07838297987878788
hires,2048,2048,128,128,7,64,256,200.0,ws,8698880.0,0.0,281018368,255869696.0,243269632.0,17152.0,12582912.0,270323712.0,256768000.0,972800.0,12582912.0,281018368.0,1946157056.0,137216.0,88080384.0,2034374656.0,256768000.0,972800.0,12582912.0,270323712.0,2585716736.0,0.068608,accelergy_plugin,accelergy_component_library_table_plugin,8.0,7.0,1.0,1.0,8.69888,4096,35630612480.0,0.0,2.585716736,22.492839600455685,0.07757150208,33,True,0.07835505260606061
hires,2048,2048,128,128,7,64,256,50.0,ws,9339904.0,0.0,281018368,255869696.0,243269632.0,17152.0,12582912.0,269875712.0,256332800.0,960000.0,12582912.0,281018368.0,1946157056.0,137216.0,88080384.0,2034374656.0,256332800.0,960000.0,12582912.0,269875712.0,2585268736.0,0.08388608,accelergy_plugin,accelergy_component_library_table_plugin,8.0,7.0,1.0,1.0,9.339903999999999,4096,38256246784.0,0.0,2.585268736,24.14616180844134,0.07755806208,33,True,0.07834147684848485
hires,2048,2048,128,128,7,64,256,800.0,ws,8538624.0,0.0,281018368,255869696.0,243269632.0,17152.0,12582912.0,271245312.0,257638400.0,1024000.0,12582912.0,281018368.0,1946157056.0,137216.0,88080384.0,2034374656.0,257638400.0,1024000.0,12582912.0,271245312.0,2586638336.0,0.068608,accelergy_plugin,accelergy_component_library_table_plugin,8.0,7.0,1.0,1.0,8.538624,4096,34974203904.0,0.0,2.586638336,22.086332175089666,0.07759915008,100,True,0.02586638336
hires,2048,2048,128,128,7,64,256,200.0,ws,8698880.0,0.0,281018368,255869696.0,243269632.0,17152.0,12582912.0,270323712.0,256768000.0,972800.0,12582912.0,281018368.0,1946157056.0,137216.0,88080384.0,2034374656.0,256768000.0,972800.0,12582912.0,270323712.0,2585716736.0,0.068608,accelergy_plugin,accelergy_component_library_table_plugin,8.0,7.0,1.0,1.0,8.69888,4096,35630612480.0,0.0,2.585716736,22.492839600455685,0.07757150208,100,True,0.02585716736
hires,2048,2048,128,128,7,64,256,50.0,ws,9339904.0,0.0,281018368,255869696.0,243269632.0,17152.0,12582912.0,269875712.0,256332800.0,960000.0,12582912.0,281018368.0,1946157056.0,137216.0,88080384.0,2034374656.0,256332800.0,960000.0,12582912.0,269875712.0,2585268736.0,0.08388608,accelergy_plugin,accelergy_component_library_table_plugin,8.0,7.0,1.0,1.0,9.339903999999999,4096,38256246784.0,0.0,2.585268736,24.14616180844134,0.07755806208,100,True,0.02585268736
hires,2048,2048,128,128,7,64,256,800.0,ws,8538624.0,0.0,281018368,255869696.0,243269632.0,17152.0,12582912.0,271245312.0,257638400.0,1024000.0,12582912.0,281018368.0,1946157056.0,137216.0,88080384.0,2034374656.0,257638400.0,1024000.0,12582912.0,271245312.0,2586638336.0,0.068608,accelergy_plugin,accelergy_component_library_table_plugin,8.0,7.0,1.0,1.0,8.538624,4096,34974203904.0,0.0,2.586638336,22.086332175089666,0.07759915008,200,True,0.01293319168
hires,2048,2048,128,128,7,64,256,200.0,ws,8698880.0,0.0,281018368,255869696.0,243269632.0,17152.0,12582912.0,270323712.0,256768000.0,972800.0,12582912.0,281018368.0,1946157056.0,137216.0,88080384.0,2034374656.0,256768000.0,972800.0,12582912.0,270323712.0,2585716736.0,0.068608,accelergy_plugin,accelergy_component_library_table_plugin,8.0,7.0,1.0,1.0,8.69888,4096,35630612480.0,0.0,2.585716736,22.492839600455685,0.07757150208,200,True,0.01292858368
hires,2048,2048,128,128,7,64,256,50.0,ws,9339904.0,0.0,281018368,255869696.0,243269632.0,17152.0,12582912.0,269875712.0,256332800.0,960000.0,12582912.0,281018368.0,1946157056.0,137216.0,88080384.0,2034374656.0,256332800.0,960000.0,12582912.0,269875712.0,2585268736.0,0.08388608,accelergy_plugin,accelergy_component_library_table_plugin,8.0,7.0,1.0,1.0,9.339903999999999,4096,38256246784.0,0.0,2.585268736,24.14616180844134,0.07755806208,200,True,0.01292634368
hires,2048,2048,128,128,11,128,256,800.0,ws,8636928.0,0.0,583008256,557878016.0,545259520.0,35584.0,12582912.0,577216512.0,560742400.0,3891200.0,12582912.0,583008256.0,4362076160.0,284672.0,88080384.0,4450441216.0,560742400.0,3891200.0,12582912.0,577216512.0,5610665984.0,0.035584,accelergy_plugin,accelergy_component_library_table_plugin,8.0,7.0,1.0,1.0,8.636928000000001,16384,141507428352.0,0.0,5.610665984,48.458918135857154,0.16831997952,33,True,0.17002018133333335
hires,2048,2048,128,128,11,128,256,200.0,ws,8797184.0,0.0,583008256,557878016.0,545259520.0,35584.0,12582912.0,575168512.0,558848000.0,3737600.0,12582912.0,583008256.0,4362076160.0,284672.0,88080384.0,4450441216.0,558848000.0,3737600.0,12582912.0,575168512.0,5608617984.0,0.035584,accelergy_plugin,accelergy_component_library_table_plugin,8.0,7.0,1.0,1.0,8.797184,16384,144133062656.0,0.0,5.608617984,49.340044390957054,0.16825853952,33,True,0.16995812072727273
hires,2048,2048,128,128,11,128,256,50.0,ws,15366656.0,5928448.0,583008256,557878016.0,545259520.0,35584.0,12582912.0,574208512.0,557900800.0,3724800.0,12582912.0,583008256.0,4362076160.0,284672.0,88080384.0,4450441216.0,557900800.0,3724800.0,12582912.0,574208512.0,5607657984.0,0.08388608,accelergy_plugin,accelergy_component_library_table_plugin,8.0,7.0,1.0,1.0,15.366655999999999,16384,251767291904.0,38.579948688901474,5.607657984,86.1709512057815,0.16822973952,33,True,0.16992902981818184
hires,2048,2048,128,128,11,128,256,800.0,ws,8636928.0,0.0,583008256,557878016.0,545259520.0,35584.0,12582912.0,577216512.0,560742400.0,3891200.0,12582912.0,583008256.0,4362076160.0,284672.0,88080384.0,4450441216.0,560742400.0,3891200.0,12582912.0,577216512.0,5610665984.0,0.035584,accelergy_plugin,accelergy_component_library_table_plugin,8.0,7.0,1.0,1.0,8.636928000000001,16384,141507428352.0,0.0,5.610665984,48.458918135857154,0.16831997952,100,True,0.05610665984
hires,2048,2048,128,128,11,128,256,200.0,ws,8797184.0,0.0,583008256,557878016.0,545259520.0,35584.0,12582912.0,575168512.0,558848000.0,3737600.0,12582912.0,583008256.0,4362076160.0,284672.0,88080384.0,4450441216.0,558848000.0,3737600.0,12582912.0,575168512.0,5608617984.0,0.035584,accelergy_plugin,accelergy_component_library_table_plugin,8.0,7.0,1.0,1.0,8.797184,16384,144133062656.0,0.0,5.608617984,49.340044390957054,0.16825853952,100,True,0.05608617984
hires,2048,2048,128,128,11,128,256,50.0,ws,15366656.0,5928448.0,583008256,557878016.0,545259520.0,35584.0,12582912.0,574208512.0,557900800.0,3724800.0,12582912.0,583008256.0,4362076160.0,284672.0,88080384.0,4450441216.0,557900800.0,3724800.0,12582912.0,574208512.0,5607657984.0,0.08388608,accelergy_plugin,accelergy_component_library_table_plugin,8.0,7.0,1.0,1.0,15.366655999999999,16384,251767291904.0,38.579948688901474,5.607657984,86.1709512057815,0.16822973952,100,True,0.05607657984
hires,2048,2048,128,128,11,128,256,800.0,ws,8636928.0,0.0,583008256,557878016.0,545259520.0,35584.0,12582912.0,577216512.0,560742400.0,3891200.0,12582912.0,583008256.0,4362076160.0,284672.0,88080384.0,4450441216.0,560742400.0,3891200.0,12582912.0,577216512.0,5610665984.0,0.035584,accelergy_plugin,accelergy_component_library_table_plugin,8.0,7.0,1.0,1.0,8.636928000000001,16384,141507428352.0,0.0,5.610665984,48.458918135857154,0.16831997952,200,True,0.02805332992
hires,2048,2048,128,128,11,128,256,200.0,ws,8797184.0,0.0,583008256,557878016.0,545259520.0,35584.0,12582912.0,575168512.0,558848000.0,3737600.0,12582912.0,583008256.0,4362076160.0,284672.0,88080384.0,4450441216.0,558848000.0,3737600.0,12582912.0,575168512.0,5608617984.0,0.035584,accelergy_plugin,accelergy_component_library_table_plugin,8.0,7.0,1.0,1.0,8.797184,16384,144133062656.0,0.0,5.608617984,49.340044390957054,0.16825853952,200,True,0.02804308992
hires,2048,2048,128,128,11,128,256,50.0,ws,15366656.0,5928448.0,583008256,557878016.0,545259520.0,35584.0,12582912.0,574208512.0,557900800.0,3724800.0,12582912.0,583008256.0,4362076160.0,284672.0,88080384.0,4450441216.0,557900800.0,3724800.0,12582912.0,574208512.0,5607657984.0,0.08388608,accelergy_plugin,accelergy_component_library_table_plugin,8.0,7.0,1.0,1.0,15.366655999999999,16384,251767291904.0,38.579948688901474,5.607657984,86.1709512057815,0.16822973952,200,True,0.02803828992
